vallibeatrice,marcofantini_mf,116
valentinaferragni,chiaraferragni,110
valentinaferragni,lucavezil,109
giuliagaudino,frankgallucci,74
paolaturani,giuliavalentina,68
martinaluchena,martidall,63
nastilove,___1_7___,57
closetteblog,tintacorda,45
veronicaferraro,nicolettareggio,42
machedavvero,matchalattevlog,38
aliceperrella,alicedetogni,37
madcarolina93,francescafitnessfreak,36
veronicaferraro,chiaraferragni,34
closetteblog,italian_eye_,28
machedavvero,italian_eye_,25
alicedetogni,moustachic,22
closetteblog,lapetitecasserole,22
candela_________,paolostella,19
moustachic,sophietta,17
closetteblog,estetistacinica,17
nastilove,angelanastiofficial,16
tessmasazza,giuliavalentina,16
silvia.fascians,valeairoldi,16
ireneccloset,gabdetails,15
manuelavitulli,alessiarux,15
manuelavitulli,marikamarangella,15
paolaturani,vallibeatrice,14
madcarolina93,silviapegoraro22,14
luciadelpasqua,thelazytrotter,13
luciadelpasqua,thenostalgictraveller,13
luciadelpasqua,closetteblog,13
machedavvero,saraandcatherinestales,12
madcarolina93,valentinotozzi,12
aliceperrella,moustachic,11
machedavvero,shantilives,10
nastilove,lullls,10
zagufashion,valentina_seveso,10
candela_________,tamumcpherson,10
manuelavitulli,giadapappalardo,10
valentinasiragusa,eleonoracarisi,9
paolaturani,cliomakeup_official,8
giuliavalentina,paolostella,8
candela_________,stephanieglitter,8
candela_________,eleonoracarisi,8
manuelavitulli,voiago,8
manuelavitulli,miprendoemiportovia,8
manuelavitulli,dianadelorenzi,8
gildaambrosio,giorgiatordini,8
machedavvero,fordtography,7
mamma_gy,dolcisenzaburro,7
paolaturani,martinaluchena,7
irene_buffa,mayakariana,7
manuelavitulli,eziomrlifestyle,7
mamma_gy,robysushi,6
veronicaferraro,chiarabiasi,6
closetteblog,lammaigal,6
melissazino,valeairoldi,6
manuelavitulli,maride__,6
manuelavitulli,piccolauma,6
cristina__marino,stellaegitto,6
chiarainpentola,laurelevans,6
cristina__marino,valentinasiragusa,6
alicecampello,chiarabiasi,5
machedavvero,disperatamentemamma,5
valentinaferragni,veronicaferraro,5
paolaturani,saracardillo,5
paolaturani,chiarabonacina,5
tessmasazza,chiamatelamimi,5
alicedetogni,sophietta,5
luciadelpasqua,estetistacinica,5
candela_________,gildaambrosio,5
eleonoracarisi,lindatol_,5
closetteblog,ilarysgrill,5
manuelavitulli,robertalongo_,5
manuelavitulli,sgrillina,5
manuelavitulli,francesca_loquenzi,5
manuelavitulli,thererumnatura,5
machedavvero,likemiljian,4
mamma_gy,breakfast_and_coffee,4
veronicaferraro,emrata,4
zagufashion,elisazanetti,4
madcarolina93,michael_spampinato,4
alessandraairo,gildaambrosio,4
giuliavalentina,tommasozorzi,4
luciadelpasqua,enrica_mannari,4
candela_________,vivianavolpicella,4
eleonoracarisi,paolostella,4
alicebasso,georgettepol,4
sophietta,elenabonamico,4
sophietta,official_cat,4
manuelavitulli,marikalaurelli,4
cristina__marino,giulioberruti,4
chiaraferragni,bellahadid,4
gildaambrosio,chiaracapitani,4
myway_,martidall,3
myway_,aliceperrella,3
paolaturani,gabriellecaunesil,3
paolaturani,camihawke,3
machedavvero,mammamatta,3
machedavvero,welovetobrunch,3
machedavvero,manuelavitulli,3
machedavvero,miprendoemiportovia,3
machedavvero,ilfruttodellapassione,3
mamma_gy,fornellifuorisede,3
mamma_gy,vatineesuvimol,3
mamma_gy,tacchiepentole,3
mamma_gy,propsandcakes_carol.roncallo,3
mamma_gy,soniaperonaci,3
mamma_gy,tery_pep,3
mamma_gy,singerfood,3
mamma_gy,ci_polla,3
mamma_gy,breakfast_and_coffee_,3
paolaturani,alicecampello,3
lauracomolli,gigihadid,3
veronicaferraro,daniela_losini,3
veronicaferraro,alessandraairo,3
paolaturani,biancabalti,3
vallibeatrice,vallieleonora_,3
madcarolina93,silvia.fascians,3
madcarolina93,gloriafair,3
alessandraairo,alessiosanzogni,3
alicebasso,chiarabiasi,3
alicebasso,larotten,3
closetteblog,teverdeepasticcini,3
closetteblog,moustachic,3
sophietta,cristinamusacchio,3
sophietta,giorgiafaggi,3
giuliagaudino,alicecampello,3
manuelavitulli,sogni_in_valigia,3
manuelavitulli,laura_manfredi,3
chiaraferragni,gildaambrosio,3
valdirose,valentinahortus,3
martinaluchena,sonia__lorenzini,3
martinaluchena,valentinavignali,3
martinaluchena,bionditudo,3
martinaluchena,negin_mirsalehi,3
cristina__marino,lavinia_biancalani,3
cristina__marino,armelola,3
cristina__marino,alessandraairo,3
cristina__marino,lapitrone,3
gildaambrosio,paolostella,3
lacoquetteitalienne,annacossack,2
myway_,moustachic,2
alicecampello,anamoyacalzado,2
machedavvero,mondomulia,2
machedavvero,theuniqueorn,2
machedavvero,giuliadini,2
machedavvero,lasottilelinearosa,2
machedavvero,wanderlustruby,2
machedavvero,thepinkdumpling,2
machedavvero,maricaferrillo,2
machedavvero,misscreamycreamy,2
alicebasso,carletta.marina,2
mamma_gy,posatespaiate,2
mamma_gy,_cooking_maniac_,2
mamma_gy,tre_muffin_e_un_architetto,2
mamma_gy,macchiasmood,2
mamma_gy,tralanaebiscotti,2
mamma_gy,annaioan,2
mamma_gy,alchimiablog,2
mamma_gy,ilarysgrill,2
mamma_gy,_lucake_,2
valentinaferragni,cliomakeup_official,2
valentinaferragni,martina_mac,2
paolaturani,paolostella,2
nastilove,alicecampello,2
lauracomolli,elisataviti,2
veronicaferraro,tamara,2
veronicaferraro,beautique_by_claudia_ciocca,2
veronicaferraro,eleonoracarisi,2
veronicaferraro,romeestrijd,2
veronicaferraro,juliafriedmann,2
veronicaferraro,carodaur,2
paolaturani,debiflue,2
vallibeatrice,paolabenegas,2
vallibeatrice,alicecampello,2
vallibeatrice,lacindina,2
vallibeatrice,giuliagaudino,2
vallibeatrice,cliomakeup_official,2
carlyferly,maddieziegler,2
madcarolina93,nicolafit92,2
madcarolina93,antonio_tony_nocerino,2
alessandraairo,eleonoracarisi,2
alessandraairo,paolostella,2
alessandraairo,gigihadid,2
alessandraairo,valentinasiragusa,2
alessandraairo,candela_________,2
alessandraairo,giorgiatordini,2
alessandraairo,rossellajardini,2
alicedetogni,myway_,2
alicedetogni,martidall,2
alicedetogni,elenellis,2
silvia.fascians,smartis.92youtube,2
silvia.fascians,claudia__casanova,2
silvia.fascians,melissazino,2
silvia.fascians,debreczenidora,2
alicecampello,eusilva,2
alicebasso,giuliadelellis103,2
alicebasso,melitatoniolo,2
erika_boldrin,guidomilani,2
erika_boldrin,dilettabonaiuti,2
erika_boldrin,paolostella,2
erika_boldrin,andreafaccio,2
erika_boldrin,karenwazenb,2
erika_boldrin,parisinfourmonths,2
luciadelpasqua,theuniqueorn,2
luciadelpasqua,elenabraghieri,2
luciadelpasqua,digitalmodernfamily,2
luciadelpasqua,valentina_grispo,2
luciadelpasqua,aivenn,2
luciadelpasqua,ilarysgrill,2
luciadelpasqua,lalessiuccia,2
candela_________,lindatol_,2
candela_________,dilettabonaiuti,2
candela_________,estetistacinica,2
candela_________,beautique_by_claudia_ciocca,2
candela_________,virginiavarinelli,2
candela_________,tylerjoe,2
eleonoracarisi,inesdelafressangeofficial,2
closetteblog,simomodica,2
melissazino,melissazino2,2
melissazino,iaiaderose,2
melissazino,tiaclair1,2
moustachic,negin_mirsalehi,2
sophietta,giuliasinesi,2
eleonoracarisi,lindatol,2
ireneccloset,smilingischic,2
valentinasiragusa,gigihadid,2
manuelavitulli,positivitrip,2
manuelavitulli,the_globbers,2
manuelavitulli,likemiljian,2
manuelavitulli,thepinkdumpling,2
manuelavitulli,mieledilavanda,2
manuelavitulli,parisianinrome,2
manuelavitulli,chicneverland,2
manuelavitulli,ruberry,2
manuelavitulli,_lagiuditta,2
silvia.fascians,michael_spampinato,2
irene_buffa,sofialascurain,2
cristina__marino,ollirules,2
cristina__marino,rociommorales,2
divaioilaria,eleonorabrunaccidivaio,2
chiaraferragni,martina_mac,2
chiaraferragni,lucavezil,2
dilettamenta,negin_mirsalehi,2
valdirose,julskitchen,2
moustachic,lavinia_biancalani,2
martinaluchena,giuliadelellis103,2
martinaluchena,marcopisaninfluencer,2
martinaluchena,ma.pina,2
martinaluchena,vittoriadeganello,2
martinaluchena,lola.bello_,2
chiarainpentola,elenabraghieri,2
cook_eat_love,lalessiuccia,2
cristina__marino,vanillagirl_86,2
cristina__marino,veronica_giomini,2
cristina__marino,elenabonamico,2
cristina__marino,alessiareato,2
cristina__marino,matildalutz,2
cristina__marino,la_pauselli,2
cristina__marino,martinapinto,2
disperatamentemamma,larotten,2
disperatamentemamma,alenaseredova,2
chiarainpentola,alessandrapellegrino,2
silvia.fascians,paolaturani,2
nicolettareggio,sabrinamusco,2
gildaambrosio,aminamuaddi,2
valentinamarzullo,giuliasinesi,2
lacoquetteitalienne,parismechama,1
lacoquetteitalienne,parisporpaulopereira,1
lacoquetteitalienne,kerrycole15,1
lacoquetteitalienne,wonguy974,1
lacoquetteitalienne,lacoquetteitaliennefood,1
lacoquetteitalienne,sachalemaure,1
lacoquetteitalienne,bellahadid,1
myway_,robertoderosa,1
myway_,laurabarthofficial,1
myway_,federicamonacelli,1
myway_,aliceliveing,1
myway_,gozzigaia,1
alicecampello,eleonorabrunaccidivaio,1
alicecampello,mcm1989,1
alicecampello,martaimpa,1
paolaturani,giuliagaudino,1
machedavvero,blogdiviaggi,1
machedavvero,cestmaria,1
machedavvero,impastastorie,1
machedavvero,breakfast_and_coffee,1
machedavvero,federchicca,1
machedavvero,alessandradagostino,1
machedavvero,pluswonderland,1
machedavvero,orientespresso,1
machedavvero,theworldupcloser,1
machedavvero,onegrloneworld,1
machedavvero,florabaker,1
machedavvero,lecolazioniste,1
machedavvero,breakfast_and_coffee_,1
machedavvero,zeldawasawriter,1
machedavvero,tegamini,1
mamma_gy,petitpatisserie_,1
mamma_gy,angelina_in_cucina,1
mamma_gy,lennesimoblog,1
mamma_gy,kitchentrouble,1
mamma_gy,manuelabonci,1
mamma_gy,conoscounposto,1
mamma_gy,soraidaso,1
mamma_gy,nigellalawson,1
mamma_gy,luisa_busca‚Äô,1
mamma_gy,nordfoodovestest,1
mamma_gy,lalessiuccia,1
mamma_gy,nonnapaperina,1
mamma_gy,dolci_creazioni_enonsolo_tatam,1
mamma_gy,fancyfactory.it,1
mamma_gy,monicasparacello,1
mamma_gy,marysol_life,1
mamma_gy,fiordipistacchio,1
mamma_gy,deerkitchen_foodstories,1
mamma_gy,lamagiadellespezie,1
mamma_gy,vivere_per_raccontarla,1
mamma_gy,cook_eat_love,1
mamma_gy,mattlorenzetti,1
carlyferly,kikkafede88,1
carlyferly,dottolck,1
aliceperrella,emmanuelagargiulo,1
aliceperrella,irisskrami,1
valentinaferragni,selenegenisella,1
valentinaferragni,belenhostalet‚ù§,1
valentinaferragni,dulceida,1
valentinaferragni,toryburch‚ù§,1
valentinaferragni,chiaracapitani,1
valentinaferragni,alicecarli81,1
valentinaferragni,rachelzeilic,1
valentinaferragni,cristinamusacchio,1
valentinaferragni,danielagtzgzz,1
valentinaferragni,vickymarcosg,1
valentinaferragni,zendaya,1
federicadinardo_,ruberry,1
federicadinardo_,federica_esse,1
paolaturani,tessmasazza,1
nastilove,anamoyacalzado,1
nastilove,giorgiadecrescenzo,1
nastilove,nicolemazzocato,1
nastilove,tommasozorzi,1
nastilove,patryjordan,1
nastilove,chechurodriguez_real,1
lauracomolli,natashapoly,1
lauracomolli,lilydonaldson,1
lauracomolli,thererumnatura,1
lauracomolli,karenwazenb,1
lauracomolli,erikabarbato,1
lauracomolli,madamestgermain,1
lauracomolli,lilianacastriotta,1
lauracomolli,giorgina2093,1
lauracomolli,lameredepetitf,1
lauracomolli,francigiovinazzo,1
lauracomolli,joansmalls,1
veronicaferraro,martalozanop,1
veronicaferraro,fannybourdettedonon,1
veronicaferraro,foreverflawlyss,1
veronicaferraro,styleinspiratrice,1
veronicaferraro,debiflue,1
veronicaferraro,rebeccalaurey,1
veronicaferraro,paolostella,1
veronicaferraro,gildakoralflora,1
veronicaferraro,giuliasinesi,1
veronicaferraro,gigihadid,1
veronicaferraro,taylor_hill,1
paolaturani,xenia,1
paolaturani,iamrenanpacheco,1
paolaturani,thisistimothy,1
paolaturani,justusf_hansen,1
paolaturani,marcofantini_mf,1
paolaturani,lalindaa,1
paolaturani,nastilove,1
tessmasazza,dilettaleotta,1
tessmasazza,paolostella,1
tessmasazza,cliomakeup_official,1
tessmasazza,giorginsi,1
valentinasiragusa,armelola,1
valentinasiragusa,cristinamusacchio,1
paolaturani,soyalbariconavarro,1
zagufashion,deniselascala_,1
zagufashion,sistiana,1
zagufashion,conunviaggionellatesta,1
zagufashion,vanillansoap,1
zagufashion,noemilvl,1
zagufashion,alessandratassone_,1
zagufashion,karenninalovelife,1
vallibeatrice,emrata,1
vallibeatrice,vanessascicchitano,1
vallibeatrice,clarialonso,1
vallibeatrice,lavinia_biancalani,1
vallibeatrice,rocky_barnes,1
vallibeatrice,carodaur,1
vallibeatrice,oliviaculpo,1
vallibeatrice,jessicamichel,1
carlyferly,paolaturani,1
madcarolina93,sarawendie,1
madcarolina93,gabriel_chiutu,1
madcarolina93,marynaofficial,1
madcarolina93,selenegenisella,1
madcarolina93,cliomakeup_official,1
madcarolina93,ziaciarcia,1
alessandraairo,suwa_,1
alessandraairo,vivianavolpicella,1
alessandraairo,alessandragrillo12,1
alessandraairo,_allagiulia_,1
alessandraairo,dennielias,1
alessandraairo,bellahadid,1
alessandraairo,elizabethsulcer,1
alessandraairo,tamumcpherson,1
alessandraairo,a_gipsy_in_the_kitchen,1
alessandraairo,silvia_grilli,1
alessandraairo,lapitrone,1
alessandraairo,chiaraferragni,1
alicedetogni,irisskrami,1
alicedetogni,whosdaf,1
alicedetogni,cristinamusacchio,1
alicedetogni,andreafaccio,1
alicedetogni,erikabarbato,1
alicedetogni,masha_theone,1
alicedetogni,kenzasmg,1
alicedetogni,jeannemap,1
alicedetogni,rclayton,1
alicedetogni,katherine_sabbath,1
veronicaferraro,gabesposito,1
veronicaferraro,delia_westwing,1
aliceperrella,giuliagaudino,1
aliceperrella,virginiavarinelli,1
giuliavalentina,chiarainpentola,1
giuliavalentina,avamax,1
silvia.fascians,seng__seng,1
silvia.fascians,giuliacalcaterra,1
silvia.fascians,patriziavfontana,1
silvia.fascians,loshgram,1
silvia.fascians,valerie_fitness_,1
silvia.fascians,beatriceprincessb,1
silvia.fascians,rossellapadolino,1
silvia.fascians,silviapegoraro22,1
silvia.fascians,thefashionjogger,1
silvia.fascians,cristiano_rizzi,1
silvia.fascians,petair.official,1
silvia.fascians,fabricio_personalcoach,1
silvia.fascians,nellekeverkaart,1
silvia.fascians,jesskingofficial,1
silvia.fascians,fede_nargi,1
silvia.fascians,saracardillo,1
silvia.fascians,elisabetta_pistoni,1
thefashionjogger,myway_,1
thefashionjogger,mayer.deca,1
veronicaferraro,ninasuess,1
veronicaferraro,zendaya,1
veronicaferraro,gildaambrosio,1
alicecampello,anaantic,1
alicecampello,chiaraferragni,1
alicecampello,martabega,1
alicecampello,martacarriedo,1
alicecampello,paulagonu,1
alicebasso,sijjana,1
alicebasso,anamoyacalzado,1
alicebasso,beppe_mancini,1
alicebasso,valentinarusso___,1
erika_boldrin,tamumcpherson,1
erika_boldrin,catmeffan,1
erika_boldrin,anna_dello_russo,1
erika_boldrin,lenalademann,1
erika_boldrin,lindatol_,1
erika_boldrin,kaiagerber,1
luciadelpasqua,thegretaescape,1
luciadelpasqua,kitchentrouble,1
luciadelpasqua,mikelignayt,1
luciadelpasqua,cristiana_banchetti,1
luciadelpasqua,daniela_losini,1
luciadelpasqua,rossellamigliaccio_,1
luciadelpasqua,daniela_zuccotti,1
luciadelpasqua,pepitepertutti,1
luciadelpasqua,moondiaries_,1
luciadelpasqua,sonia_grispo,1
luciadelpasqua,moustachic,1
luciadelpasqua,agipsyinthekitchen,1
luciadelpasqua,mighele_,1
luciadelpasqua,maison39,1
luciadelpasqua,valeria.margherita.mosca,1
luciadelpasqua,_lagiuditta,1
luciadelpasqua,ally__martini,1
luciadelpasqua,debora.dusina,1
luciadelpasqua,tegamini,1
luciadelpasqua,sere_cappelloabombetta,1
luciadelpasqua,laurachiari_8,1
luciadelpasqua,vivere_per_raccontarla,1
candela_________,enricaponzellini,1
candela_________,jjmartinmilan,1
candela_________,mirandamakaroff,1
candela_________,anna_dello_russo,1
candela_________,tinaleung,1
candela_________,inesdelafressangeofficial,1
candela_________,filleilamignon,1
candela_________,marcforne,1
candela_________,filippocirulli,1
candela_________,valentinasiragusa,1
candela_________,inadieringer,1
candela_________,guidomilani,1
candela_________,styleheroine,1
candela_________,elisanalin_,1
eleonoracarisi,bryanboycom,1
eleonoracarisi,lichipan,1
eleonoracarisi,roshellemusic,1
eleonoracarisi,lorenzo_decaro,1
alicebasso,karinacascella,1
alicebasso,evil9225,1
alicebasso,ele.rc,1
alicebasso,margotovani,1
closetteblog,iposticini,1
closetteblog,virginiavarinelli,1
closetteblog,digitalmodernfamily,1
closetteblog,zigzagmom,1
closetteblog,sequestoeunuovo,1
closetteblog,giorgette_p,1
closetteblog,__cinnamonvibes,1
closetteblog,leonardodecarli,1
closetteblog,chiaraferragni,1
closetteblog,federicocorvi,1
closetteblog,chiarapassion,1
closetteblog,rakellyna,1
closetteblog,tintacorda4,1
closetteblog,maison39,1
closetteblog,facchini_fede,1
closetteblog,camihawke,1
giuliavalentina,estetistacinica,1
giuliavalentina,paolaturaniüåµ,1
giuliavalentina,eleonoracarisi,1
melissazino,laurelevans,1
melissazino,nicoleguerriero,1
melissazino,tamara,1
melissazino,nicolettegray,1
melissazino,ninagray,1
melissazino,kissandmakeup01,1
melissazino,cristiano_rizzi,1
melissazino,thefashionjogger,1
melissazino,scottpanchik,1
melissazino,run_veg,1
moustachic,elenellis,1
moustachic,official_cat,1
moustachic,sonia_grispo,1
moustachic,elenabonamico,1
sara_izzi,humansafari,1
sara_izzi,sonia_grispo,1
sophietta,elenellis,1
sophietta,federicamonacelli,1
sophietta,lavinia_biancalani_also,1
sophietta,alessandrapellegrino,1
sophietta,moustachic__,1
sophietta,chiapiscedda,1
sophietta,gloriapiscedda,1
sophietta,gigihadid,1
sophietta,bellahadid,1
sophietta,giuliasalemi,1
sophietta,lavinia_biancalani,1
eleonoracarisi,ulyana_sergeenko_moscow,1
eleonoracarisi,galagonzalez,1
eleonoracarisi,yoshinomia,1
eleonoracarisi,silvia_grilli,1
eleonoracarisi,fongminliao,1
eleonoracarisi,sophiaippoliti,1
eleonoracarisi,veronica_giomini,1
eleonoracarisi,tinaleung,1
valentinasiragusa,lindatol_,1
valentinasiragusa,paolostella,1
valentinasiragusa,lorenzo_decaro,1
valentinasiragusa,filippocirulli,1
valentinasiragusa,ditavonteese,1
_tasteofstyle_,elenabraghieri,1
_tasteofstyle_,vivere_per_raccontarla,1
_tasteofstyle_,valentinahortus,1
_tasteofstyle_,giovannahoang,1
_tasteofstyle_,ci_polla,1
giuliagaudino,georgettepol,1
giuliagaudino,sophietta,1
manuelavitulli,closetteblog,1
manuelavitulli,rockandfiocc,1
manuelavitulli,fraintesa,1
manuelavitulli,inviaggiocoltubo,1
manuelavitulli,impastastorie,1
manuelavitulli,anutapet,1
manuelavitulli,ilfruttodellapassione,1
manuelavitulli,a_gipsy_in_the_kitchen,1
manuelavitulli,luciadelpasqua,1
manuelavitulli,vatineesuvimol,1
manuelavitulli,travelstoriesfromyworld,1
manuelavitulli,sonia_grispo,1
manuelavitulli,humansafari,1
manuelavitulli,quellaclaudia,1
manuelavitulli,eleonora.tricarico,1
manuelavitulli,flavianaboni,1
manuelavitulli,alessiamusella,1
silvia.fascians,adele_dicostanzo,1
silvia.fascians,francescafitnessfreak,1
giuliavalentina,saracardillo,1
irene_buffa,nicolettareggio,1
irene_buffa,gianmariasainato,1
irene_buffa,fashioninmysoul,1
irene_buffa,gigihadid,1
irene_buffa,bellahadid,1
irene_buffa,andrelolifestyle,1
divaioilaria,pettegoleadorate,1
chiaraferragni,rachelzeilic,1
chiaraferragni,natyabascal,1
chiaraferragni,chiaracapitani,1
chiaraferragni,giorgiatordini,1
chiaraferragni,rosiehw,1
chiaraferragni,emrata,1
chiaraferragni,hannahstocking,1
chiaraferragni,delia_westwing,1
chiaraferragni,taylor_hill,1
dilettamenta,crillygerloni_,1
valdirose,audreyfitzjohn,1
valdirose,adailysomething,1
valdirose,girlinflorence,1
valdirose,tania_berries,1
valdirose,propsandcakes,1
valdirose,adellinaa,1
valdirose,manumrl,1
moustachic,caiomolossi,1
martinaluchena,ginevralambruschi,1
martinaluchena,sophiagalazzo,1
martinaluchena,anniemazzola,1
martinaluchena,federicola,1
martinaluchena,mattia_marciano,1
martinaluchena,leonardodecarli,1
martinaluchena,cliomakeup_official,1
martinaluchena,annapenello,1
martinaluchena,valentinaferragni,1
martinaluchena,duckieofficial,1
martinaluchena,chiaraferragni,1
martinaluchena,giuliacalcaterra,1
martinaluchena,thepatriciabright,1
martinaluchena,thebeautyvanity,1
martinaluchena,thedollbeauty,1
martinaluchena,tina_yong,1
martinaluchena,marinabastarache,1
martinaluchena,leoniehanne,1
martinaluchena,tamara,1
cook_eat_love,vatineesuvimol,1
cook_eat_love,profumodicannellaecioccolato,1
cook_eat_love,tacchiepentole,1
cook_eat_love,vivere_per_raccontarla,1
cook_eat_love,_sausage_,1
cook_eat_love,dolcisenzaburro,1
cook_eat_love,tegamini,1
cook_eat_love,mieledilavanda,1
cook_eat_love,manuelabonci,1
cook_eat_love,agipsyinthekitchen,1
cook_eat_love,estetistacinica,1
cook_eat_love,soniaperonaci,1
cook_eat_love,posatespaiate,1
cook_eat_love,ornyfattoincasaepiubuono,1
cook_eat_love,lorsoincucina,1
cook_eat_love,la_cucina_che_vale,1
cook_eat_love,italiandreamfood,1
cook_eat_love,dolcimagiedimaura,1
cook_eat_love,atavolaconwilli,1
closetteblog,giuliavalentina,1
giuliagaudino,crillygerloni_,1
giuliagaudino,valentinaferragni,1
giuliagaudino,paolostella,1
cristina__marino,michelacoppaofficial,1
cristina__marino,gresydaniilidis,1
cristina__marino,giuliacalcaterra,1
ireneccloset,alenaseredova,1
disperatamentemamma,tutu_e_perle,1
disperatamentemamma,therottensalad,1
chiarainpentola,zeldawasawriter,1
chiarainpentola,ubertazambeletti,1
chiarainpentola,silvia_grilli,1
silvia.fascians,_alidagotta_,1
silvia.fascians,nadiadamaso_,1
silvia.fascians,alice.sabatini,1
chiarainpentola,cliomakeup_official,1
gildaambrosio,suwa_,1
gildaambrosio,eleonoracarisi,1
gildaambrosio,lindatol_,1
gildaambrosio,giuliatordini,1
gildaambrosio,patriciamanfield,1
gildaambrosio,silvia_grilli,1
gildaambrosio,helenabordon,1
gildaambrosio,carodaurthank,1
gildaambrosio,rosiehw,1
valentinamarzullo,negin_mirsalehi,1
